{"cameraMode":{"drawMode":0,"name":"Shaded","section":"Shading Mode"},"sceneLighting":false,"audioPlay":false,"sceneViewState":{"m_AlwaysRefresh":false,"showFog":true,"showSkybox":false,"showFlares":true,"showImageEffects":true,"showParticleSystems":true,"showVisualEffectGraphs":true,"m_FxEnabled":true},"in2DMode":false,"pivot":{"x":-0.3730332851409912,"y":-0.0000024437904357910158,"z":-0.06247451901435852},"rotation":{"x":-0.018035881221294404,"y":0.9601244330406189,"z":-0.0637592151761055,"w":-0.27162212133407595},"size":0.5039536952972412,"orthographic":false}