{"cameraMode":{"drawMode":0,"name":"Shaded","section":"Shading Mode"},"sceneLighting":true,"audioPlay":false,"sceneViewState":{"m_AlwaysRefresh":false,"showFog":true,"showSkybox":true,"showFlares":true,"showImageEffects":true,"showParticleSystems":true,"showVisualEffectGraphs":true,"m_FxEnabled":true},"in2DMode":false,"pivot":{"x":0.13273341953754426,"y":-0.1819915771484375,"z":13.796298027038575},"rotation":{"x":-0.028805065900087358,"y":0.0050950669683516029,"z":-0.00015126989455893636,"w":-0.9995883703231812},"size":12.378093719482422,"orthographic":false}