{"cameraMode":{"drawMode":0,"name":"Shaded","section":"Shading Mode"},"sceneLighting":false,"audioPlay":false,"sceneViewState":{"m_AlwaysRefresh":false,"showFog":true,"showSkybox":false,"showFlares":true,"showImageEffects":true,"showParticleSystems":true,"showVisualEffectGraphs":true,"m_FxEnabled":true},"in2DMode":false,"pivot":{"x":-0.3730332851409912,"y":-0.0000024437904357910158,"z":-0.06247451901435852},"rotation":{"x":0.006815950386226177,"y":0.9840896725654602,"z":-0.17329469323158265,"w":0.03869568556547165},"size":0.6643093824386597,"orthographic":false}